File,Hash
MACVM01-AD-computer-object-public.txt,8B31F4DDFE5F8CF9F5A005470C2A8B59DAA9E15724BF09D8F8CFEB328B0B6E19
MACVM01-DNS-resolution-public.txt,882B9BE25F9E63369872A8E98D0AD34A60F07C547C96447359E4B849162529AE
MACVM01-remote-access-public.txt,426E662D0195C072EBEF246E5E404CF5A706503659129BDBD76CE9313E63E2B7
MACVM01-reverse-DNS-public.txt,705EDF7DD62A735F85C2F46352D2ECD44D9FB469E8E9F3B04BC69E5DF7A2F7C4
README.md,389A25FED901B92D8E1399E222E8FED2ED3854DF7E834C3B475FEDC5BCD12009
macvm01-ad-binding-public.txt,202EAFC96EA52346B1CCFF050167C973ED90FE7709B351351C6741015A1DF3EE
macvm01-network-configuration-public.txt,777EB17C14DE0A5A0FC5AA397F592BDA648CC0F2B53928A5F10F582094E59517
macvm01-proxmox-config-public.txt,2F54FD20113F7F133FDC30AD013EF416671EB9E76BB911BE71668069261119FD
macvm01-system-identity-public.txt,90DCA3C30058028A891615EAFA5622E3CB5BDCB664CAF18A75C15490E52A4218
macvm01-time-configuration-public.txt,1D3A51E02F9F80C7ED38F0395B320743E105FE005DF11C1F5EB10A67C46EE950
